ID,NAME,SCORE
11,Pratik,0.8800000000000001
9,Shravani,0.8800000000000001
22,Joaquin,0.85
1,Dhiraj,0.8000000000000002
39,Delmor,0.65
3,Rushi,0.65
43,Raimundo,0.65
19,Corbet,0.63
25,Bobbie,0.63
4,Shenal,0.5800000000000001
41,Rhea,0.5800000000000001
7,Roshan,0.5800000000000001
8,Siddhi,0.56
38,Debi,0.56
28,Redford,0.56
6,Shailesh,0.55
40,Orland,0.53
10,Tejal,0.53
35,Winston,0.51
27,Adrianne,0.5
